code_muni,Capital,UF,Região,Ano,n_dias,pm25_media,pm25_mediana,pm25_p95,pm25_p99,pm25_max,dias_acima_15_pct,dias_acima_25_pct
1100205,Porto Velho,RO,Norte,2008,366,25.257,12.26,93.192,166.063,367.26,36.066,21.311
1100205,Porto Velho,RO,Norte,2009,365,17.203,11.24,43.348,106.438,212.65,29.589,13.699
1100205,Porto Velho,RO,Norte,2010,365,37.502,11.58,161.882,351.166,583.95,32.603,23.562
1100205,Porto Velho,RO,Norte,2011,365,16.827,10.62,55.01,90.019,126.67,24.932,15.616
1100205,Porto Velho,RO,Norte,2012,366,21.358,11.315,82.248,165.745,251.45,31.967,19.399
1100205,Porto Velho,RO,Norte,2013,365,13.102,10.69,25.556,60.471,116.16,19.726,6.301
1100205,Porto Velho,RO,Norte,2014,365,20.48,11.42,70.58,179.606,368.99,28.493,14.795
1100205,Porto Velho,RO,Norte,2015,365,36.771,13.48,136.69,390.372,535.37,44.658,32.877
1100205,Porto Velho,RO,Norte,2016,366,33.796,13.645,133.342,289.333,713.97,41.257,23.497
1100205,Porto Velho,RO,Norte,2017,365,34.009,12.31,147.448,269.915,425.32,38.63,25.753
1100205,Porto Velho,RO,Norte,2018,365,22.361,12.75,75.114,185.048,236.73,38.082,17.534
1100205,Porto Velho,RO,Norte,2019,365,35.864,12.71,148.558,435.582,609.3,40.548,22.74
1100205,Porto Velho,RO,Norte,2020,366,29.494,12.79,118.75,236.113,453.06,40.71,20.765
1100205,Porto Velho,RO,Norte,2021,365,35.523,13.39,168.0,346.805,496.56,39.178,21.918
1100205,Porto Velho,RO,Norte,2022,365,42.78,15.22,186.908,524.224,676.9,52.055,23.562
1100205,Porto Velho,RO,Norte,2023,365,28.083,13.19,83.428,231.268,610.87,43.562,26.849
1100205,Porto Velho,RO,Norte,2024,366,54.221,13.905,254.032,410.162,493.46,45.628,27.869
1200401,Rio Branco,AC,Norte,2008,366,17.426,10.34,55.872,136.905,233.91,25.683,12.295
1200401,Rio Branco,AC,Norte,2009,365,11.472,9.13,26.964,61.268,77.63,14.247,6.027
1200401,Rio Branco,AC,Norte,2010,365,25.948,10.04,114.648,228.84,418.67,26.027,18.63
1200401,Rio Branco,AC,Norte,2011,365,12.499,9.69,28.784,73.041,103.07,18.356,6.849
1200401,Rio Branco,AC,Norte,2012,366,12.409,9.16,32.602,83.363,132.98,16.393,7.377
1200401,Rio Branco,AC,Norte,2013,365,11.581,8.89,26.774,58.411,95.88,15.342,5.479
1200401,Rio Branco,AC,Norte,2014,365,11.835,9.34,26.444,60.579,86.95,15.342,6.301
1200401,Rio Branco,AC,Norte,2015,365,15.519,10.9,43.448,93.462,156.32,27.945,10.685
1200401,Rio Branco,AC,Norte,2016,366,19.609,10.83,63.092,158.914,289.02,31.694,16.667
1200401,Rio Branco,AC,Norte,2017,365,17.128,10.25,54.282,147.703,193.05,25.205,13.151
1200401,Rio Branco,AC,Norte,2018,365,16.325,10.49,39.134,149.663,363.1,21.096,7.945
1200401,Rio Branco,AC,Norte,2019,365,19.87,10.93,64.472,144.812,349.35,28.767,17.534
1200401,Rio Branco,AC,Norte,2020,366,16.391,11.81,53.392,81.271,94.61,31.694,15.301
1200401,Rio Branco,AC,Norte,2021,365,22.829,11.03,100.998,144.011,243.2,29.589,18.904
1200401,Rio Branco,AC,Norte,2022,365,28.0,12.89,123.848,249.428,465.48,37.534,17.808
1200401,Rio Branco,AC,Norte,2023,365,17.738,11.68,59.578,110.891,164.46,32.329,15.068
1200401,Rio Branco,AC,Norte,2024,366,31.0,11.26,149.05,221.473,262.66,34.153,22.951
1302603,Manaus,AM,Norte,2008,366,15.032,13.73,26.472,37.469,49.03,40.164,6.557
1302603,Manaus,AM,Norte,2009,365,16.711,13.38,38.116,62.67,115.07,41.644,14.795
1302603,Manaus,AM,Norte,2010,365,14.87,12.86,30.764,40.832,54.79,35.068,10.137
1302603,Manaus,AM,Norte,2011,365,13.495,12.28,25.362,29.224,45.54,32.877,5.205
1302603,Manaus,AM,Norte,2012,366,16.261,14.285,30.845,41.082,59.34,45.355,11.749
1302603,Manaus,AM,Norte,2013,365,13.06,11.94,22.38,34.628,60.07,27.123,3.288
1302603,Manaus,AM,Norte,2014,365,15.077,12.98,30.398,43.761,50.12,37.808,9.041
1302603,Manaus,AM,Norte,2015,365,19.224,14.81,42.534,61.298,76.36,49.589,25.479
1302603,Manaus,AM,Norte,2016,366,16.269,14.01,30.632,44.729,70.29,42.077,13.388
1302603,Manaus,AM,Norte,2017,365,16.187,14.27,30.542,42.24,49.52,45.753,11.781
1302603,Manaus,AM,Norte,2018,365,15.013,13.1,31.242,41.668,51.3,39.452,8.493
1302603,Manaus,AM,Norte,2019,365,15.85,14.26,30.114,42.84,45.58,45.753,11.233
1302603,Manaus,AM,Norte,2020,366,17.187,13.82,32.375,55.318,202.3,40.984,12.568
1302603,Manaus,AM,Norte,2021,365,14.394,13.05,25.754,35.613,62.35,35.616,6.027
1302603,Manaus,AM,Norte,2022,365,17.238,14.77,37.218,56.178,79.33,47.945,13.973
1302603,Manaus,AM,Norte,2023,365,17.913,14.78,40.338,57.244,65.2,49.315,18.63
1302603,Manaus,AM,Norte,2024,366,18.335,15.49,38.435,62.525,91.63,51.913,19.399
1400100,Boa Vista,RR,Norte,2008,366,14.368,12.495,29.3,42.462,63.4,30.601,8.743
1400100,Boa Vista,RR,Norte,2009,365,13.056,10.97,28.772,40.537,45.64,25.205,7.671
1400100,Boa Vista,RR,Norte,2010,365,13.736,11.57,27.07,52.678,80.97,27.123,6.575
1400100,Boa Vista,RR,Norte,2011,365,13.368,11.61,30.31,39.669,45.26,25.753,7.671
1400100,Boa Vista,RR,Norte,2012,366,13.719,11.605,29.18,43.99,57.15,29.235,8.47
1400100,Boa Vista,RR,Norte,2013,365,12.193,11.25,21.87,26.408,30.83,22.466,1.37
1400100,Boa Vista,RR,Norte,2014,365,14.124,12.64,28.036,38.051,54.05,32.603,7.945
1400100,Boa Vista,RR,Norte,2015,365,15.195,12.66,33.284,44.264,60.66,36.438,10.959
1400100,Boa Vista,RR,Norte,2016,366,15.401,12.37,36.48,58.666,98.14,30.874,11.202
1400100,Boa Vista,RR,Norte,2017,365,13.674,12.03,27.542,36.327,41.8,30.959,6.575
1400100,Boa Vista,RR,Norte,2018,365,13.594,11.76,28.038,39.461,54.66,27.397,6.575
1400100,Boa Vista,RR,Norte,2019,365,14.95,12.48,33.786,48.719,76.83,31.507,11.507
1400100,Boa Vista,RR,Norte,2020,366,13.77,12.14,26.315,39.281,46.47,30.055,6.557
1400100,Boa Vista,RR,Norte,2021,365,14.994,13.41,27.032,35.274,79.76,37.808,6.575
1400100,Boa Vista,RR,Norte,2022,365,14.085,13.17,24.476,30.542,42.73,36.712,3.836
1400100,Boa Vista,RR,Norte,2023,365,13.618,12.14,25.756,37.84,61.54,32.329,5.753
1400100,Boa Vista,RR,Norte,2024,366,17.553,13.07,44.968,64.611,92.47,38.525,17.76
1501402,Belém,PA,Norte,2008,366,16.019,12.96,35.285,51.689,77.65,39.071,11.475
1501402,Belém,PA,Norte,2009,365,16.394,13.88,34.076,63.128,74.75,43.562,11.781
1501402,Belém,PA,Norte,2010,365,14.815,12.25,28.618,64.338,120.37,30.411,7.945
1501402,Belém,PA,Norte,2011,365,14.452,12.44,29.978,42.454,75.15,35.616,9.315
1501402,Belém,PA,Norte,2012,366,16.733,13.915,38.238,55.688,77.73,42.35,13.388
1501402,Belém,PA,Norte,2013,365,14.238,12.71,26.666,46.461,64.48,31.507,6.849
1501402,Belém,PA,Norte,2014,365,15.324,12.34,28.48,53.659,138.36,36.164,8.219
1501402,Belém,PA,Norte,2015,365,16.829,14.24,38.11,53.74,86.59,44.932,15.068
1501402,Belém,PA,Norte,2016,366,16.928,13.74,38.88,50.718,67.42,42.896,16.12
1501402,Belém,PA,Norte,2017,365,16.442,13.57,35.37,55.881,87.13,41.644,12.055
1501402,Belém,PA,Norte,2018,365,15.431,13.01,34.908,48.09,61.35,36.986,11.233
1501402,Belém,PA,Norte,2019,365,16.025,12.71,37.468,73.656,123.87,31.781,9.315
1501402,Belém,PA,Norte,2020,366,14.687,12.11,31.852,57.13,74.9,30.055,9.836
1501402,Belém,PA,Norte,2021,365,15.224,13.51,26.612,38.136,59.26,37.534,7.123
1501402,Belém,PA,Norte,2022,365,16.441,13.68,33.186,50.244,103.77,40.274,14.521
1501402,Belém,PA,Norte,2023,365,14.975,12.98,27.752,48.33,73.1,35.342,7.397
1501402,Belém,PA,Norte,2024,366,16.177,14.51,28.388,44.79,77.77,45.902,9.29
1600303,Macapá,AP,Norte,2008,366,12.796,10.295,33.618,39.78,45.23,27.596,9.836
1600303,Macapá,AP,Norte,2009,365,12.568,10.5,27.486,38.632,76.09,25.479,7.397
1600303,Macapá,AP,Norte,2010,365,10.354,8.37,23.816,36.47,59.99,14.247,4.384
1600303,Macapá,AP,Norte,2011,365,11.861,10.13,25.858,45.452,54.76,21.918,5.479
1600303,Macapá,AP,Norte,2012,366,14.307,11.805,33.68,56.522,73.81,33.06,10.656
1600303,Macapá,AP,Norte,2013,365,11.386,10.22,21.97,32.478,40.71,20.274,3.288
1600303,Macapá,AP,Norte,2014,365,12.869,10.0,27.072,50.669,116.91,25.479,6.849
1600303,Macapá,AP,Norte,2015,365,15.243,11.6,37.038,64.835,74.93,33.425,13.151
1600303,Macapá,AP,Norte,2016,366,14.028,10.065,37.51,58.589,66.29,26.776,12.022
1600303,Macapá,AP,Norte,2017,365,12.928,10.72,32.608,50.153,62.47,24.658,10.411
1600303,Macapá,AP,Norte,2018,365,12.626,9.53,29.602,54.955,66.4,24.11,7.671
1600303,Macapá,AP,Norte,2019,365,14.187,10.11,43.802,65.782,136.41,22.466,9.589
1600303,Macapá,AP,Norte,2020,366,12.264,8.655,33.207,53.415,63.69,21.038,9.563
1600303,Macapá,AP,Norte,2021,365,12.253,9.93,24.104,37.329,87.97,23.562,4.932
1600303,Macapá,AP,Norte,2022,365,12.536,10.22,28.14,41.223,45.56,25.479,7.945
1600303,Macapá,AP,Norte,2023,365,12.234,9.12,28.958,45.21,69.7,24.384,7.671
1600303,Macapá,AP,Norte,2024,366,14.399,11.77,33.328,60.642,71.44,31.694,8.197
1721000,Palmas,TO,Norte,2008,366,13.728,8.94,40.348,86.553,108.87,21.038,11.202
1721000,Palmas,TO,Norte,2009,365,10.644,8.42,22.606,49.724,110.42,15.342,4.11
1721000,Palmas,TO,Norte,2010,365,27.835,9.81,110.482,235.405,340.28,29.863,22.466
1721000,Palmas,TO,Norte,2011,365,12.964,8.77,38.986,75.181,140.95,21.37,9.041
1721000,Palmas,TO,Norte,2012,366,24.211,10.125,99.202,242.379,465.48,27.596,18.306
1721000,Palmas,TO,Norte,2013,365,14.17,9.93,36.968,100.316,125.76,21.918,9.589
1721000,Palmas,TO,Norte,2014,365,16.424,10.31,54.768,100.516,138.4,26.575,14.795
1721000,Palmas,TO,Norte,2015,365,22.553,11.14,79.662,155.782,334.93,35.342,20.822
1721000,Palmas,TO,Norte,2016,366,18.355,11.275,53.448,111.043,211.19,31.148,16.12
1721000,Palmas,TO,Norte,2017,365,12.741,9.21,36.114,68.95,106.6,21.37,10.685
1721000,Palmas,TO,Norte,2018,365,11.059,8.82,29.262,41.641,68.13,17.808,6.849
1721000,Palmas,TO,Norte,2019,365,15.278,10.21,41.404,91.3,139.87,27.671,12.603
1721000,Palmas,TO,Norte,2020,366,14.684,9.07,48.848,76.912,147.79,23.77,14.208
1721000,Palmas,TO,Norte,2021,365,12.681,9.57,32.42,56.278,124.93,18.082,8.767
1721000,Palmas,TO,Norte,2022,365,19.62,11.63,60.762,116.232,149.73,33.973,20.274
1721000,Palmas,TO,Norte,2023,365,12.98,9.85,31.888,44.956,89.74,26.301,10.959
1721000,Palmas,TO,Norte,2024,366,16.83,11.5,44.062,84.499,241.88,33.06,12.568
2111300,São Luís,MA,Nordeste,2008,366,11.969,10.175,24.015,35.92,63.41,18.579,4.098
2111300,São Luís,MA,Nordeste,2009,365,11.107,9.98,20.416,28.432,35.64,16.986,2.74
2111300,São Luís,MA,Nordeste,2010,365,10.146,9.1,17.49,24.546,34.12,8.219,1.096
2111300,São Luís,MA,Nordeste,2011,365,10.364,9.41,18.304,23.954,32.41,13.425,0.822
2111300,São Luís,MA,Nordeste,2012,366,11.324,10.35,19.96,31.092,40.3,16.393,3.005
2111300,São Luís,MA,Nordeste,2013,365,10.559,9.33,17.948,35.675,93.64,9.863,2.74
2111300,São Luís,MA,Nordeste,2014,365,10.675,9.79,18.814,30.828,41.55,10.959,1.37
2111300,São Luís,MA,Nordeste,2015,365,11.863,10.26,20.948,45.619,61.25,17.26,4.384
2111300,São Luís,MA,Nordeste,2016,366,12.499,10.6,26.002,38.92,49.09,21.038,6.284
2111300,São Luís,MA,Nordeste,2017,365,11.16,9.56,21.24,40.607,62.58,12.329,3.288
2111300,São Luís,MA,Nordeste,2018,365,11.188,9.65,22.408,33.178,52.63,14.521,2.74
2111300,São Luís,MA,Nordeste,2019,365,12.461,9.43,32.434,64.45,87.47,12.877,6.849
2111300,São Luís,MA,Nordeste,2020,366,11.056,9.34,20.105,39.441,96.71,13.934,3.279
2111300,São Luís,MA,Nordeste,2021,365,12.065,10.65,22.85,29.241,32.73,21.096,3.014
2111300,São Luís,MA,Nordeste,2022,365,12.754,10.58,26.596,36.2,53.87,26.301,7.123
2111300,São Luís,MA,Nordeste,2023,365,9.954,9.14,17.392,21.548,31.53,10.685,0.822
2111300,São Luís,MA,Nordeste,2024,366,12.221,10.9,22.475,29.342,37.52,21.858,3.552
2211001,Teresina,PI,Nordeste,2008,366,11.826,10.71,23.32,36.983,60.52,24.044,4.098
2211001,Teresina,PI,Nordeste,2009,365,11.273,10.0,20.804,34.478,78.72,16.438,2.74
2211001,Teresina,PI,Nordeste,2010,365,14.346,11.67,30.476,88.479,201.2,27.945,7.123
2211001,Teresina,PI,Nordeste,2011,365,10.357,9.34,20.982,35.064,41.74,12.329,2.74
2211001,Teresina,PI,Nordeste,2012,366,14.202,11.955,34.72,61.984,116.32,29.508,7.65
2211001,Teresina,PI,Nordeste,2013,365,9.675,8.9,18.172,23.946,58.29,12.329,0.822
2211001,Teresina,PI,Nordeste,2014,365,11.657,10.18,24.676,42.046,68.21,21.644,4.932
2211001,Teresina,PI,Nordeste,2015,365,12.498,10.36,28.1,69.436,113.44,18.63,7.671
2211001,Teresina,PI,Nordeste,2016,366,21.453,12.64,52.105,149.963,614.33,35.519,14.754
2211001,Teresina,PI,Nordeste,2017,365,13.658,11.69,28.052,74.185,177.53,26.575,5.479
2211001,Teresina,PI,Nordeste,2018,365,12.625,11.4,24.006,33.323,83.86,22.466,4.384
2211001,Teresina,PI,Nordeste,2019,365,12.273,11.24,22.736,37.054,59.65,24.384,3.288
2211001,Teresina,PI,Nordeste,2020,366,14.107,11.695,25.35,51.034,359.99,28.962,5.191
2211001,Teresina,PI,Nordeste,2021,365,15.829,14.64,28.11,43.382,144.75,47.123,8.493
2211001,Teresina,PI,Nordeste,2022,365,16.925,15.22,34.438,56.392,86.69,50.411,15.068
2211001,Teresina,PI,Nordeste,2023,365,14.177,12.39,29.268,49.728,89.51,30.959,7.397
2211001,Teresina,PI,Nordeste,2024,366,16.392,13.575,36.815,62.345,89.79,40.437,13.115
2304400,Fortaleza,CE,Nordeste,2008,366,10.551,9.61,18.068,25.737,48.58,12.842,1.093
2304400,Fortaleza,CE,Nordeste,2009,365,9.933,9.33,16.31,21.42,23.18,9.315,0.0
2304400,Fortaleza,CE,Nordeste,2010,365,9.07,8.41,15.204,20.068,27.7,5.205,0.548
2304400,Fortaleza,CE,Nordeste,2011,365,9.332,8.76,14.89,20.897,26.61,4.932,0.274
2304400,Fortaleza,CE,Nordeste,2012,366,8.913,8.455,13.965,17.875,22.25,3.825,0.0
2304400,Fortaleza,CE,Nordeste,2013,365,8.527,8.31,12.884,15.103,19.1,1.096,0.0
2304400,Fortaleza,CE,Nordeste,2014,365,9.225,8.75,14.25,19.518,23.88,4.384,0.0
2304400,Fortaleza,CE,Nordeste,2015,365,9.091,8.46,14.912,19.459,34.83,4.932,0.548
2304400,Fortaleza,CE,Nordeste,2016,366,9.662,9.015,16.317,24.799,33.84,6.557,1.093
2304400,Fortaleza,CE,Nordeste,2017,365,9.376,8.88,15.26,19.556,25.54,5.479,0.274
2304400,Fortaleza,CE,Nordeste,2018,365,9.998,9.51,16.316,21.066,37.6,8.767,0.548
2304400,Fortaleza,CE,Nordeste,2019,365,9.796,8.45,18.726,32.075,46.12,7.945,2.466
2304400,Fortaleza,CE,Nordeste,2020,366,9.328,8.88,16.392,19.304,25.0,8.743,0.0
2304400,Fortaleza,CE,Nordeste,2021,365,10.046,8.91,18.248,23.338,25.64,13.973,0.274
2304400,Fortaleza,CE,Nordeste,2022,365,11.319,10.14,20.854,31.514,45.32,20.274,2.74
2304400,Fortaleza,CE,Nordeste,2023,365,8.885,8.39,14.094,17.039,20.87,3.836,0.0
2304400,Fortaleza,CE,Nordeste,2024,366,10.023,9.59,16.695,21.656,27.65,7.104,0.82
2408102,Natal,RN,Nordeste,2008,366,8.093,7.96,12.78,15.615,24.8,1.913,0.0
2408102,Natal,RN,Nordeste,2009,365,7.537,7.35,11.788,13.001,14.88,0.0,0.0
2408102,Natal,RN,Nordeste,2010,365,7.542,7.24,11.4,15.471,30.03,1.37,0.274
2408102,Natal,RN,Nordeste,2011,365,7.608,7.34,11.29,14.232,20.28,0.822,0.0
2408102,Natal,RN,Nordeste,2012,366,7.794,7.35,12.02,13.664,24.93,0.82,0.0
2408102,Natal,RN,Nordeste,2013,365,7.397,7.15,11.152,15.039,19.16,1.096,0.0
2408102,Natal,RN,Nordeste,2014,365,7.561,7.26,11.15,15.844,20.62,1.37,0.0
2408102,Natal,RN,Nordeste,2015,365,7.697,7.16,12.448,16.275,19.36,1.37,0.0
2408102,Natal,RN,Nordeste,2016,366,8.069,7.615,12.98,16.863,22.89,1.639,0.0
2408102,Natal,RN,Nordeste,2017,365,7.91,7.64,11.626,15.444,20.6,1.096,0.0
2408102,Natal,RN,Nordeste,2018,365,8.472,8.05,12.976,18.846,42.05,2.466,0.274
2408102,Natal,RN,Nordeste,2019,365,8.225,7.6,14.394,18.951,22.33,3.288,0.0
2408102,Natal,RN,Nordeste,2020,366,7.996,7.735,11.988,16.556,18.5,2.186,0.0
2408102,Natal,RN,Nordeste,2021,365,8.435,7.93,13.766,18.839,25.94,3.288,0.274
2408102,Natal,RN,Nordeste,2022,365,9.941,9.22,17.162,25.549,33.61,9.589,1.096
2408102,Natal,RN,Nordeste,2023,365,7.97,7.46,12.572,16.665,27.41,1.644,0.274
2408102,Natal,RN,Nordeste,2024,366,9.291,8.875,14.192,18.395,25.87,3.825,0.546
2507507,João Pessoa,PB,Nordeste,2008,366,9.324,9.0,14.455,17.974,25.94,4.098,0.273
2507507,João Pessoa,PB,Nordeste,2009,365,9.312,8.88,14.164,16.27,17.95,3.288,0.0
2507507,João Pessoa,PB,Nordeste,2010,365,8.856,8.6,13.038,17.995,19.99,3.562,0.0
2507507,João Pessoa,PB,Nordeste,2011,365,8.576,8.29,12.558,17.302,20.23,2.192,0.0
2507507,João Pessoa,PB,Nordeste,2012,366,8.725,8.385,13.28,15.969,23.39,1.639,0.0
2507507,João Pessoa,PB,Nordeste,2013,365,8.484,8.24,12.056,15.459,17.23,2.192,0.0
2507507,João Pessoa,PB,Nordeste,2014,365,8.957,8.62,13.61,17.398,18.91,2.466,0.0
2507507,João Pessoa,PB,Nordeste,2015,365,9.099,8.69,13.69,17.616,23.59,2.192,0.0
2507507,João Pessoa,PB,Nordeste,2016,366,9.225,9.04,13.657,17.032,24.8,2.732,0.0
2507507,João Pessoa,PB,Nordeste,2017,365,9.054,8.74,13.12,15.613,20.6,1.644,0.0
2507507,João Pessoa,PB,Nordeste,2018,365,9.678,9.15,14.28,16.945,19.79,3.288,0.0
2507507,João Pessoa,PB,Nordeste,2019,365,9.527,9.02,15.448,18.483,21.5,6.027,0.0
2507507,João Pessoa,PB,Nordeste,2020,366,9.486,9.13,14.84,16.8,20.14,4.645,0.0
2507507,João Pessoa,PB,Nordeste,2021,365,9.908,9.31,15.626,18.645,23.71,7.123,0.0
2507507,João Pessoa,PB,Nordeste,2022,365,11.67,10.84,18.91,25.202,36.82,16.164,1.096
2507507,João Pessoa,PB,Nordeste,2023,365,9.62,9.06,14.38,17.961,26.97,4.384,0.274
2507507,João Pessoa,PB,Nordeste,2024,366,10.526,10.26,15.78,19.106,24.45,6.284,0.0
2611606,Recife,PE,Nordeste,2008,366,9.57,9.125,14.955,19.539,25.05,4.918,0.273
2611606,Recife,PE,Nordeste,2009,365,9.939,9.47,15.336,18.858,28.26,5.479,0.274
2611606,Recife,PE,Nordeste,2010,365,9.147,8.98,13.412,16.63,18.34,2.74,0.0
2611606,Recife,PE,Nordeste,2011,365,9.129,8.83,13.406,17.034,23.14,2.466,0.0
2611606,Recife,PE,Nordeste,2012,366,8.97,8.61,13.34,16.062,17.95,2.732,0.0
2611606,Recife,PE,Nordeste,2013,365,9.026,8.73,13.096,17.233,23.25,2.192,0.0
2611606,Recife,PE,Nordeste,2014,365,9.382,9.02,14.314,17.418,21.4,3.836,0.0
2611606,Recife,PE,Nordeste,2015,365,9.492,9.22,13.798,17.132,24.61,3.288,0.0
2611606,Recife,PE,Nordeste,2016,366,9.619,9.335,13.76,18.004,22.68,3.279,0.0
2611606,Recife,PE,Nordeste,2017,365,9.628,9.37,14.372,17.837,20.8,4.11,0.0
2611606,Recife,PE,Nordeste,2018,365,10.33,9.89,14.948,17.147,20.46,5.205,0.0
2611606,Recife,PE,Nordeste,2019,365,10.334,9.86,16.558,20.086,22.77,9.041,0.0
2611606,Recife,PE,Nordeste,2020,366,10.263,9.97,16.27,20.059,23.79,7.65,0.0
2611606,Recife,PE,Nordeste,2021,365,10.429,9.72,16.014,20.224,22.78,7.671,0.0
2611606,Recife,PE,Nordeste,2022,365,12.412,11.44,20.462,25.804,38.59,21.37,1.37
2611606,Recife,PE,Nordeste,2023,365,10.385,9.93,15.656,19.109,21.67,6.575,0.0
2611606,Recife,PE,Nordeste,2024,366,11.079,10.92,16.195,18.709,23.31,9.29,0.0
2704302,Maceió,AL,Nordeste,2008,366,7.221,6.52,12.775,20.329,28.31,3.005,0.546
2704302,Maceió,AL,Nordeste,2009,365,6.667,5.87,12.408,16.836,26.13,3.014,0.274
2704302,Maceió,AL,Nordeste,2010,365,6.311,6.14,9.62,15.228,18.38,1.096,0.0
2704302,Maceió,AL,Nordeste,2011,365,6.704,6.26,12.634,16.126,19.76,1.37,0.0
2704302,Maceió,AL,Nordeste,2012,366,6.695,6.405,11.438,15.481,18.65,1.366,0.0
2704302,Maceió,AL,Nordeste,2013,365,6.79,6.16,12.364,16.706,18.11,2.466,0.0
2704302,Maceió,AL,Nordeste,2014,365,6.531,6.19,10.336,13.962,17.88,0.274,0.0
2704302,Maceió,AL,Nordeste,2015,365,6.891,6.38,12.152,20.043,27.34,2.192,0.548
2704302,Maceió,AL,Nordeste,2016,366,6.814,6.48,11.335,18.504,23.72,2.186,0.0
2704302,Maceió,AL,Nordeste,2017,365,6.595,6.39,10.19,13.458,18.05,0.548,0.0
2704302,Maceió,AL,Nordeste,2018,365,6.955,6.57,11.292,14.224,22.71,0.822,0.0
2704302,Maceió,AL,Nordeste,2019,365,6.818,6.54,11.246,13.038,17.66,0.548,0.0
2704302,Maceió,AL,Nordeste,2020,366,7.011,6.585,12.067,15.441,22.89,1.366,0.0
2704302,Maceió,AL,Nordeste,2021,365,7.179,6.8,11.374,12.847,29.28,0.548,0.274
2704302,Maceió,AL,Nordeste,2022,365,8.627,8.02,15.73,26.065,36.16,5.753,1.37
2704302,Maceió,AL,Nordeste,2023,365,6.871,6.57,10.716,14.183,17.23,0.822,0.0
2704302,Maceió,AL,Nordeste,2024,366,7.569,7.275,11.958,16.014,19.37,1.366,0.0
2800308,Aracaju,SE,Nordeste,2008,366,5.12,4.745,8.805,11.768,21.43,0.273,0.0
2800308,Aracaju,SE,Nordeste,2009,365,5.103,4.66,9.58,12.745,18.82,0.548,0.0
2800308,Aracaju,SE,Nordeste,2010,365,5.16,5.0,8.54,11.466,16.75,0.548,0.0
2800308,Aracaju,SE,Nordeste,2011,365,5.102,4.72,8.682,12.61,17.69,0.274,0.0
2800308,Aracaju,SE,Nordeste,2012,366,5.07,4.81,8.65,11.601,13.95,0.0,0.0
2800308,Aracaju,SE,Nordeste,2013,365,5.139,4.87,8.99,11.072,12.67,0.0,0.0
2800308,Aracaju,SE,Nordeste,2014,365,5.206,4.82,9.366,11.378,14.3,0.0,0.0
2800308,Aracaju,SE,Nordeste,2015,365,5.11,4.77,9.948,11.687,16.23,0.274,0.0
2800308,Aracaju,SE,Nordeste,2016,366,5.584,5.26,11.012,15.118,18.86,1.093,0.0
2800308,Aracaju,SE,Nordeste,2017,365,5.525,5.29,9.362,11.864,14.27,0.0,0.0
2800308,Aracaju,SE,Nordeste,2018,365,5.608,5.18,10.294,14.594,15.59,0.548,0.0
2800308,Aracaju,SE,Nordeste,2019,365,5.425,5.03,9.714,11.613,17.87,0.548,0.0
2800308,Aracaju,SE,Nordeste,2020,366,5.509,5.12,9.827,13.025,15.93,0.273,0.0
2800308,Aracaju,SE,Nordeste,2021,365,5.988,5.58,10.45,13.341,16.38,0.548,0.0
2800308,Aracaju,SE,Nordeste,2022,365,7.168,6.65,12.874,20.674,44.98,1.644,0.548
2800308,Aracaju,SE,Nordeste,2023,365,5.429,5.18,9.088,10.846,12.97,0.0,0.0
2800308,Aracaju,SE,Nordeste,2024,366,6.256,5.965,10.508,15.596,18.71,1.639,0.0
2927408,Salvador,BA,Nordeste,2008,366,6.871,6.485,10.972,14.014,20.71,0.546,0.0
2927408,Salvador,BA,Nordeste,2009,365,7.637,7.0,13.61,18.697,23.47,2.192,0.0
2927408,Salvador,BA,Nordeste,2010,365,7.167,6.82,11.624,15.24,20.88,1.096,0.0
2927408,Salvador,BA,Nordeste,2011,365,6.715,6.46,11.032,14.002,16.77,0.822,0.0
2927408,Salvador,BA,Nordeste,2012,366,6.449,5.98,11.31,14.095,18.82,0.546,0.0
2927408,Salvador,BA,Nordeste,2013,365,6.975,6.63,11.572,14.112,23.07,0.548,0.0
2927408,Salvador,BA,Nordeste,2014,365,6.792,6.45,10.698,12.88,15.56,0.274,0.0
2927408,Salvador,BA,Nordeste,2015,365,6.824,6.47,11.484,13.614,15.48,0.548,0.0
2927408,Salvador,BA,Nordeste,2016,366,7.487,6.87,12.102,16.934,18.91,2.186,0.0
2927408,Salvador,BA,Nordeste,2017,365,6.274,5.96,10.034,12.942,14.14,0.0,0.0
2927408,Salvador,BA,Nordeste,2018,365,6.712,6.03,11.664,15.869,19.48,1.644,0.0
2927408,Salvador,BA,Nordeste,2019,365,6.36,5.95,10.974,14.137,18.76,0.548,0.0
2927408,Salvador,BA,Nordeste,2020,366,6.619,6.22,11.385,14.54,15.77,0.546,0.0
2927408,Salvador,BA,Nordeste,2021,365,6.948,6.49,12.52,16.694,17.94,2.192,0.0
2927408,Salvador,BA,Nordeste,2022,365,8.098,7.43,13.662,19.203,37.48,3.836,0.548
2927408,Salvador,BA,Nordeste,2023,365,6.331,6.22,9.974,12.553,14.59,0.0,0.0
2927408,Salvador,BA,Nordeste,2024,366,7.258,6.785,11.86,16.272,22.61,1.639,0.0
3106200,Belo Horizonte,MG,Sudeste,2008,366,16.022,14.75,27.058,38.271,59.13,48.087,8.47
3106200,Belo Horizonte,MG,Sudeste,2009,365,15.401,14.93,25.8,29.281,35.82,49.315,5.753
3106200,Belo Horizonte,MG,Sudeste,2010,365,17.18,14.53,30.302,61.619,136.24,46.849,13.425
3106200,Belo Horizonte,MG,Sudeste,2011,365,17.142,13.39,33.266,94.749,140.84,41.096,13.425
3106200,Belo Horizonte,MG,Sudeste,2012,366,13.953,12.605,25.818,34.18,58.8,35.246,6.557
3106200,Belo Horizonte,MG,Sudeste,2013,365,14.007,13.07,24.822,29.468,35.24,36.986,4.384
3106200,Belo Horizonte,MG,Sudeste,2014,365,16.296,12.96,28.42,67.76,301.91,39.452,9.041
3106200,Belo Horizonte,MG,Sudeste,2015,365,15.329,14.18,26.62,35.104,60.69,44.11,8.493
3106200,Belo Horizonte,MG,Sudeste,2016,366,15.446,13.87,26.772,32.199,98.23,42.623,7.923
3106200,Belo Horizonte,MG,Sudeste,2017,365,14.839,13.29,26.73,41.414,63.54,39.178,7.123
3106200,Belo Horizonte,MG,Sudeste,2018,365,15.655,15.08,25.408,29.53,35.67,50.685,6.301
3106200,Belo Horizonte,MG,Sudeste,2019,365,17.139,14.75,29.192,69.143,203.87,46.849,11.507
3106200,Belo Horizonte,MG,Sudeste,2020,366,15.025,13.615,25.81,42.609,60.84,40.164,6.011
3106200,Belo Horizonte,MG,Sudeste,2021,365,15.199,13.84,26.746,41.322,105.2,41.644,8.493
3106200,Belo Horizonte,MG,Sudeste,2022,365,14.592,13.49,24.866,32.456,45.35,39.178,4.658
3106200,Belo Horizonte,MG,Sudeste,2023,365,13.951,12.72,24.992,28.094,42.36,35.068,5.205
3106200,Belo Horizonte,MG,Sudeste,2024,366,20.012,15.42,42.365,116.608,177.22,53.552,14.481
3205309,Vitória,ES,Sudeste,2008,366,7.053,6.5,12.55,15.769,24.97,1.639,0.0
3205309,Vitória,ES,Sudeste,2009,365,6.484,6.26,10.982,13.719,17.66,0.548,0.0
3205309,Vitória,ES,Sudeste,2010,365,6.522,6.27,10.786,12.844,21.52,0.274,0.0
3205309,Vitória,ES,Sudeste,2011,365,6.484,6.0,11.328,15.879,18.84,1.644,0.0
3205309,Vitória,ES,Sudeste,2012,366,5.821,5.69,9.933,11.773,12.58,0.0,0.0
3205309,Vitória,ES,Sudeste,2013,365,6.467,6.35,10.084,11.687,14.04,0.0,0.0
3205309,Vitória,ES,Sudeste,2014,365,6.197,6.02,10.67,12.748,18.67,0.274,0.0
3205309,Vitória,ES,Sudeste,2015,365,7.7,7.18,14.096,20.163,24.62,3.288,0.0
3205309,Vitória,ES,Sudeste,2016,366,7.945,7.55,14.108,19.586,27.5,4.098,0.273
3205309,Vitória,ES,Sudeste,2017,365,7.15,6.93,11.426,13.283,14.64,0.0,0.0
3205309,Vitória,ES,Sudeste,2018,365,8.002,7.82,12.326,14.591,22.56,0.548,0.0
3205309,Vitória,ES,Sudeste,2019,365,7.752,7.43,12.628,16.771,27.56,2.74,0.274
3205309,Vitória,ES,Sudeste,2020,366,7.474,6.79,12.672,16.646,76.47,1.913,0.546
3205309,Vitória,ES,Sudeste,2021,365,8.374,7.66,13.758,16.876,21.71,2.466,0.0
3205309,Vitória,ES,Sudeste,2022,365,9.34,8.6,15.5,18.766,21.35,6.301,0.0
3205309,Vitória,ES,Sudeste,2023,365,8.214,7.66,13.02,18.333,23.74,2.466,0.0
3205309,Vitória,ES,Sudeste,2024,366,9.217,8.58,15.828,24.008,35.3,6.557,0.82
3304557,Rio de Janeiro,RJ,Sudeste,2008,366,19.831,16.19,43.505,52.636,59.42,55.464,23.77
3304557,Rio de Janeiro,RJ,Sudeste,2009,365,19.85,16.35,42.178,49.69,58.28,58.63,23.288
3304557,Rio de Janeiro,RJ,Sudeste,2010,365,19.97,16.04,43.196,60.573,78.21,57.534,23.562
3304557,Rio de Janeiro,RJ,Sudeste,2011,365,19.897,15.66,44.39,57.633,74.83,52.877,23.562
3304557,Rio de Janeiro,RJ,Sudeste,2012,366,19.183,15.59,42.8,52.624,60.89,53.825,21.038
3304557,Rio de Janeiro,RJ,Sudeste,2013,365,19.217,16.02,40.876,50.83,57.18,55.068,21.644
3304557,Rio de Janeiro,RJ,Sudeste,2014,365,21.666,16.14,48.036,91.47,266.16,55.068,25.479
3304557,Rio de Janeiro,RJ,Sudeste,2015,365,20.601,17.68,43.8,50.673,57.4,64.658,23.836
3304557,Rio de Janeiro,RJ,Sudeste,2016,366,20.467,16.695,43.982,56.284,72.46,60.383,25.137
3304557,Rio de Janeiro,RJ,Sudeste,2017,365,19.261,16.13,40.474,51.586,55.4,56.712,23.288
3304557,Rio de Janeiro,RJ,Sudeste,2018,365,20.384,16.9,45.15,54.496,56.76,60.822,22.192
3304557,Rio de Janeiro,RJ,Sudeste,2019,365,20.696,17.13,42.524,61.338,64.79,63.562,25.205
3304557,Rio de Janeiro,RJ,Sudeste,2020,366,20.773,17.045,43.008,55.155,57.92,60.109,26.23
3304557,Rio de Janeiro,RJ,Sudeste,2021,365,19.386,15.93,42.166,56.151,81.22,57.808,20.822
3304557,Rio de Janeiro,RJ,Sudeste,2022,365,21.495,18.7,44.016,55.913,81.4,66.849,27.123
3304557,Rio de Janeiro,RJ,Sudeste,2023,365,20.944,17.88,44.132,51.967,56.66,65.205,26.575
3304557,Rio de Janeiro,RJ,Sudeste,2024,366,23.377,18.17,52.088,61.839,87.67,63.115,33.06
3550308,São Paulo,SP,Sudeste,2008,366,36.088,30.23,80.0,92.696,98.48,86.066,59.29
3550308,São Paulo,SP,Sudeste,2009,365,34.759,31.79,67.976,82.59,91.08,88.767,66.575
3550308,São Paulo,SP,Sudeste,2010,365,36.061,32.32,78.878,102.606,147.88,85.479,63.836
3550308,São Paulo,SP,Sudeste,2011,365,35.206,31.29,73.12,92.073,105.64,85.205,61.918
3550308,São Paulo,SP,Sudeste,2012,366,34.177,30.42,68.242,87.398,98.55,88.798,62.295
3550308,São Paulo,SP,Sudeste,2013,365,32.931,29.09,70.434,85.159,221.74,81.918,56.986
3550308,São Paulo,SP,Sudeste,2014,365,34.433,30.39,76.106,98.475,128.24,85.205,61.644
3550308,São Paulo,SP,Sudeste,2015,365,35.023,31.86,69.58,85.651,90.97,90.959,66.301
3550308,São Paulo,SP,Sudeste,2016,366,32.336,29.685,65.472,86.437,95.27,85.519,61.202
3550308,São Paulo,SP,Sudeste,2017,365,32.665,28.78,66.21,80.601,86.52,88.767,62.192
3550308,São Paulo,SP,Sudeste,2018,365,33.301,28.79,73.8,88.162,110.68,88.493,61.37
3550308,São Paulo,SP,Sudeste,2019,365,34.121,28.73,71.698,86.896,100.04,87.671,58.356
3550308,São Paulo,SP,Sudeste,2020,366,31.459,26.09,68.488,80.508,83.62,84.973,54.645
3550308,São Paulo,SP,Sudeste,2021,365,32.13,26.53,71.068,94.562,162.73,84.384,53.425
3550308,São Paulo,SP,Sudeste,2022,365,32.892,28.58,67.374,81.66,108.6,88.219,61.096
3550308,São Paulo,SP,Sudeste,2023,365,33.422,28.62,69.056,78.983,87.46,88.219,64.384
3550308,São Paulo,SP,Sudeste,2024,366,37.904,32.01,84.788,107.266,144.79,89.071,65.301
4106902,Curitiba,PR,Sul,2008,366,11.678,9.63,23.77,41.09,68.51,22.404,3.552
4106902,Curitiba,PR,Sul,2009,365,10.937,9.83,19.542,28.963,56.48,15.342,1.644
4106902,Curitiba,PR,Sul,2010,365,11.76,10.01,23.834,40.236,65.47,21.37,4.384
4106902,Curitiba,PR,Sul,2011,365,11.773,9.97,23.174,40.639,80.08,21.918,4.11
4106902,Curitiba,PR,Sul,2012,366,10.766,9.565,19.752,25.988,36.09,20.219,1.639
4106902,Curitiba,PR,Sul,2013,365,10.964,9.89,20.958,29.867,57.65,19.452,2.466
4106902,Curitiba,PR,Sul,2014,365,11.629,10.18,21.574,28.976,60.02,23.836,2.74
4106902,Curitiba,PR,Sul,2015,365,11.697,10.19,21.786,32.597,43.95,22.192,2.466
4106902,Curitiba,PR,Sul,2016,366,11.788,10.35,22.415,33.308,59.46,23.497,2.459
4106902,Curitiba,PR,Sul,2017,365,11.623,10.36,24.846,31.349,36.61,20.548,4.932
4106902,Curitiba,PR,Sul,2018,365,11.729,10.32,21.848,28.619,35.83,25.479,2.74
4106902,Curitiba,PR,Sul,2019,365,12.914,10.93,25.56,40.323,59.99,26.301,6.575
4106902,Curitiba,PR,Sul,2020,366,12.227,10.495,25.075,36.42,54.06,27.049,5.191
4106902,Curitiba,PR,Sul,2021,365,13.067,10.79,27.95,51.968,67.09,27.397,6.301
4106902,Curitiba,PR,Sul,2022,365,12.588,11.35,24.166,29.067,36.08,27.123,3.288
4106902,Curitiba,PR,Sul,2023,365,12.451,11.48,22.486,29.724,36.46,27.123,3.562
4106902,Curitiba,PR,Sul,2024,366,14.472,11.18,34.688,61.585,112.77,28.962,10.109
4205407,Florianópolis,SC,Sul,2008,366,7.796,6.645,15.058,22.207,40.72,5.191,1.093
4205407,Florianópolis,SC,Sul,2009,365,7.347,6.82,13.428,19.548,24.17,2.74,0.0
4205407,Florianópolis,SC,Sul,2010,365,8.422,6.97,17.61,26.442,56.57,8.219,1.644
4205407,Florianópolis,SC,Sul,2011,365,7.934,6.74,15.182,25.146,34.39,5.205,1.096
4205407,Florianópolis,SC,Sul,2012,366,7.945,6.77,16.138,23.637,30.28,6.831,1.093
4205407,Florianópolis,SC,Sul,2013,365,7.781,6.98,14.39,21.418,29.46,4.658,0.274
4205407,Florianópolis,SC,Sul,2014,365,8.131,7.23,15.892,21.627,25.94,7.397,0.274
4205407,Florianópolis,SC,Sul,2015,365,8.478,7.87,15.828,20.049,23.83,6.027,0.0
4205407,Florianópolis,SC,Sul,2016,366,8.544,7.41,17.835,22.116,28.29,10.383,0.546
4205407,Florianópolis,SC,Sul,2017,365,8.426,7.36,16.498,22.466,26.99,6.575,0.548
4205407,Florianópolis,SC,Sul,2018,365,8.703,7.77,17.556,20.464,27.99,9.315,0.548
4205407,Florianópolis,SC,Sul,2019,365,9.613,8.31,17.874,26.87,60.15,14.795,1.644
4205407,Florianópolis,SC,Sul,2020,366,9.318,8.0,17.79,25.191,39.01,13.934,1.093
4205407,Florianópolis,SC,Sul,2021,365,9.082,7.75,18.014,32.208,39.67,8.219,2.74
4205407,Florianópolis,SC,Sul,2022,365,9.661,8.73,17.826,23.676,29.73,11.507,0.822
4205407,Florianópolis,SC,Sul,2023,365,8.87,7.92,16.158,22.183,26.29,8.219,0.274
4205407,Florianópolis,SC,Sul,2024,366,10.28,8.155,23.042,47.929,56.71,15.027,4.098
4314902,Porto Alegre,RS,Sul,2008,366,15.149,12.48,30.752,38.892,65.61,42.35,12.842
4314902,Porto Alegre,RS,Sul,2009,365,16.697,14.47,33.192,59.05,72.37,46.849,16.438
4314902,Porto Alegre,RS,Sul,2010,365,15.586,13.14,36.202,53.076,71.85,40.274,10.411
4314902,Porto Alegre,RS,Sul,2011,365,13.897,11.92,29.158,36.952,49.84,34.521,9.589
4314902,Porto Alegre,RS,Sul,2012,366,15.779,13.835,31.67,38.964,55.57,43.989,15.027
4314902,Porto Alegre,RS,Sul,2013,365,15.41,13.14,32.128,41.416,55.29,44.384,13.699
4314902,Porto Alegre,RS,Sul,2014,365,16.298,14.59,30.116,42.578,111.24,47.397,11.507
4314902,Porto Alegre,RS,Sul,2015,365,15.688,14.07,29.912,37.726,42.52,43.014,12.603
4314902,Porto Alegre,RS,Sul,2016,366,16.155,13.495,34.985,44.737,73.1,43.169,15.847
4314902,Porto Alegre,RS,Sul,2017,365,15.388,13.14,30.99,39.826,53.9,40.822,12.329
4314902,Porto Alegre,RS,Sul,2018,365,15.271,13.92,30.134,35.82,43.18,42.74,12.877
4314902,Porto Alegre,RS,Sul,2019,365,15.932,13.43,33.108,43.718,77.61,43.288,13.425
4314902,Porto Alegre,RS,Sul,2020,366,16.337,12.93,36.42,52.373,71.45,41.257,14.208
4314902,Porto Alegre,RS,Sul,2021,365,15.469,12.53,32.406,45.052,64.1,38.356,13.425
4314902,Porto Alegre,RS,Sul,2022,365,16.079,14.01,31.384,41.654,68.36,44.932,15.616
4314902,Porto Alegre,RS,Sul,2023,365,16.013,13.66,33.386,40.771,55.27,44.11,15.616
4314902,Porto Alegre,RS,Sul,2024,366,16.761,12.525,41.09,71.253,78.14,41.53,15.027
5002704,Campo Grande,MS,Centro-Oeste,2008,366,6.234,5.225,12.375,25.269,38.08,4.098,1.093
5002704,Campo Grande,MS,Centro-Oeste,2009,365,6.009,5.33,12.04,18.387,25.46,1.644,0.274
5002704,Campo Grande,MS,Centro-Oeste,2010,365,10.327,6.12,30.02,94.202,129.11,12.055,6.301
5002704,Campo Grande,MS,Centro-Oeste,2011,365,5.722,4.66,11.74,26.33,65.56,2.192,1.096
5002704,Campo Grande,MS,Centro-Oeste,2012,366,5.582,3.93,15.418,27.679,44.74,5.464,1.913
5002704,Campo Grande,MS,Centro-Oeste,2013,365,5.038,4.54,10.658,14.255,19.22,0.822,0.0
5002704,Campo Grande,MS,Centro-Oeste,2014,365,6.299,5.1,14.376,24.784,36.66,4.658,1.096
5002704,Campo Grande,MS,Centro-Oeste,2015,365,7.995,6.19,20.576,31.568,41.61,11.781,2.192
5002704,Campo Grande,MS,Centro-Oeste,2016,366,6.742,5.62,16.002,29.333,40.62,6.284,1.366
5002704,Campo Grande,MS,Centro-Oeste,2017,365,6.148,5.17,14.494,23.989,29.19,4.932,0.822
5002704,Campo Grande,MS,Centro-Oeste,2018,365,6.119,5.47,11.588,20.2,37.44,1.918,0.822
5002704,Campo Grande,MS,Centro-Oeste,2019,365,7.534,5.48,20.628,50.032,72.59,7.397,3.288
5002704,Campo Grande,MS,Centro-Oeste,2020,366,8.808,4.675,31.325,68.542,96.22,12.022,7.923
5002704,Campo Grande,MS,Centro-Oeste,2021,365,7.794,5.51,21.336,42.039,72.78,9.863,4.384
5002704,Campo Grande,MS,Centro-Oeste,2022,365,8.03,5.68,20.484,61.754,73.14,9.589,4.11
5002704,Campo Grande,MS,Centro-Oeste,2023,365,8.508,5.95,24.564,38.169,70.22,12.055,4.658
5002704,Campo Grande,MS,Centro-Oeste,2024,366,12.844,6.26,59.13,110.606,153.46,16.667,10.109
5103403,Cuiabá,MT,Centro-Oeste,2008,366,16.329,10.055,53.39,97.931,172.79,25.683,15.027
5103403,Cuiabá,MT,Centro-Oeste,2009,365,10.461,9.24,18.26,38.26,54.97,12.877,2.74
5103403,Cuiabá,MT,Centro-Oeste,2010,365,31.675,9.6,152.994,325.524,667.02,28.493,21.096
5103403,Cuiabá,MT,Centro-Oeste,2011,365,10.023,7.35,23.486,60.635,137.51,12.329,4.11
5103403,Cuiabá,MT,Centro-Oeste,2012,366,12.166,7.57,36.955,87.278,203.27,15.847,8.743
5103403,Cuiabá,MT,Centro-Oeste,2013,365,10.176,7.89,23.36,47.495,109.88,11.233,4.384
5103403,Cuiabá,MT,Centro-Oeste,2014,365,10.672,8.19,30.106,46.951,64.71,13.973,6.027
5103403,Cuiabá,MT,Centro-Oeste,2015,365,15.257,9.81,39.294,84.076,166.16,28.493,14.795
5103403,Cuiabá,MT,Centro-Oeste,2016,366,12.693,10.475,27.382,55.818,92.49,21.038,6.831
5103403,Cuiabá,MT,Centro-Oeste,2017,365,14.485,9.52,46.608,78.954,89.01,19.726,13.425
5103403,Cuiabá,MT,Centro-Oeste,2018,365,11.096,8.88,19.266,73.052,176.42,10.411,2.192
5103403,Cuiabá,MT,Centro-Oeste,2019,365,16.122,9.73,57.24,118.222,181.53,20.0,12.055
5103403,Cuiabá,MT,Centro-Oeste,2020,366,24.649,9.08,107.85,259.931,748.77,27.322,16.12
5103403,Cuiabá,MT,Centro-Oeste,2021,365,13.134,9.66,32.02,69.764,110.4,20.548,7.945
5103403,Cuiabá,MT,Centro-Oeste,2022,365,13.022,10.19,30.516,64.228,111.58,21.644,7.397
5103403,Cuiabá,MT,Centro-Oeste,2023,365,13.497,9.93,34.524,53.335,89.17,26.849,11.233
5103403,Cuiabá,MT,Centro-Oeste,2024,366,32.952,9.83,134.155,381.076,730.8,27.049,21.038
5208707,Goiânia,GO,Centro-Oeste,2008,366,12.304,11.355,21.357,36.73,45.14,25.956,3.552
5208707,Goiânia,GO,Centro-Oeste,2009,365,11.521,11.19,19.442,23.78,31.73,19.452,0.548
5208707,Goiânia,GO,Centro-Oeste,2010,365,13.188,10.46,35.236,77.806,102.54,21.096,7.945
5208707,Goiânia,GO,Centro-Oeste,2011,365,10.785,9.43,19.726,40.038,96.2,13.973,3.836
5208707,Goiânia,GO,Centro-Oeste,2012,366,10.424,9.555,19.595,39.807,106.46,11.749,3.825
5208707,Goiânia,GO,Centro-Oeste,2013,365,9.584,9.07,15.788,21.649,39.83,6.575,0.548
5208707,Goiânia,GO,Centro-Oeste,2014,365,10.929,10.24,20.696,30.302,42.41,17.534,2.466
5208707,Goiânia,GO,Centro-Oeste,2015,365,12.764,11.28,25.664,45.433,65.82,23.288,5.753
5208707,Goiânia,GO,Centro-Oeste,2016,366,11.077,9.57,20.55,33.189,58.16,18.306,2.459
5208707,Goiânia,GO,Centro-Oeste,2017,365,11.439,10.88,20.522,38.786,62.79,19.452,3.014
5208707,Goiânia,GO,Centro-Oeste,2018,365,11.094,10.7,18.776,21.61,28.34,17.26,0.274
5208707,Goiânia,GO,Centro-Oeste,2019,365,12.82,11.23,23.142,54.275,94.83,22.74,4.384
5208707,Goiânia,GO,Centro-Oeste,2020,366,12.823,11.15,25.792,50.347,101.16,26.23,5.738
5208707,Goiânia,GO,Centro-Oeste,2021,365,13.413,11.75,27.254,47.576,73.26,26.027,6.575
5208707,Goiânia,GO,Centro-Oeste,2022,365,12.82,11.59,23.754,36.839,54.67,27.671,4.384
5208707,Goiânia,GO,Centro-Oeste,2023,365,12.042,11.23,19.87,27.562,47.1,20.548,1.37
5208707,Goiânia,GO,Centro-Oeste,2024,366,15.524,12.195,35.758,86.42,165.5,30.055,8.743
5300108,Brasília,DF,Centro-Oeste,2008,366,13.123,11.57,25.058,43.921,123.33,27.049,5.464
5300108,Brasília,DF,Centro-Oeste,2009,365,11.695,11.3,19.328,26.714,45.88,20.822,1.37
5300108,Brasília,DF,Centro-Oeste,2010,365,16.598,11.29,52.742,91.075,152.19,29.863,15.068
5300108,Brasília,DF,Centro-Oeste,2011,365,12.567,9.78,22.512,112.106,220.7,16.986,4.384
5300108,Brasília,DF,Centro-Oeste,2012,366,11.983,9.53,26.585,66.187,96.5,19.945,5.464
5300108,Brasília,DF,Centro-Oeste,2013,365,9.891,9.29,17.524,21.443,26.76,11.781,0.548
5300108,Brasília,DF,Centro-Oeste,2014,365,12.869,10.62,30.482,60.312,93.78,22.74,7.123
5300108,Brasília,DF,Centro-Oeste,2015,365,13.623,11.27,31.754,61.404,143.57,25.205,7.397
5300108,Brasília,DF,Centro-Oeste,2016,366,12.804,11.125,24.995,37.285,135.63,25.137,5.191
5300108,Brasília,DF,Centro-Oeste,2017,365,13.695,11.1,28.782,71.339,105.97,27.945,6.301
5300108,Brasília,DF,Centro-Oeste,2018,365,11.606,11.37,19.28,23.122,29.33,20.548,0.822
5300108,Brasília,DF,Centro-Oeste,2019,365,14.042,12.19,32.0,49.085,111.36,33.699,6.849
5300108,Brasília,DF,Centro-Oeste,2020,366,12.847,11.335,24.668,53.941,113.56,24.044,4.918
5300108,Brasília,DF,Centro-Oeste,2021,365,16.951,12.84,38.766,113.54,191.9,34.521,7.397
5300108,Brasília,DF,Centro-Oeste,2022,365,14.001,11.74,28.65,68.366,128.48,28.219,6.575
5300108,Brasília,DF,Centro-Oeste,2023,365,12.481,11.86,21.68,25.381,30.66,24.658,1.096
5300108,Brasília,DF,Centro-Oeste,2024,366,15.266,12.205,32.7,97.354,132.06,30.601,8.197
